fecha_toma_muestra,pruebas_totales,positivos_totales,pruebas_totales_cdmx,positivos_totales_cdmx,tasa_positividad,tasa_positividad_cdmx
2020-03-05,69,1,52,1,0.014492753623188406,0.019230769230769232
2020-03-13,57,2,46,1,0.03508771929824561,0.021739130434782608
2020-03-19,67,3,67,3,0.04477611940298507,0.04477611940298507
2020-03-24,66,1,60,1,0.015151515151515152,0.016666666666666666
2020-03-26,54,1,50,1,0.018518518518518517,0.02
2020-03-27,32,4,30,4,0.125,0.13333333333333333
2020-03-28,5,1,3,1,0.2,0.3333333333333333
2020-03-29,16,5,16,6,0.3125,0.375
2020-03-30,49,3,46,2,0.061224489795918366,0.043478260869565216
2020-03-31,26,4,24,4,0.15384615384615385,0.16666666666666666
2020-04-01,20,1,17,1,0.05,0.058823529411764705
2020-04-02,42,6,35,3,0.14285714285714285,0.08571428571428572
2020-04-03,31,4,24,4,0.12903225806451613,0.16666666666666666
2020-04-04,69,14,67,14,0.2028985507246377,0.208955223880597
2020-04-05,2337,536,2152,490,0.2293538724860933,0.22769516728624536
2020-04-06,944,218,806,180,0.2309322033898305,0.22332506203473945
2020-04-07,1283,174,1065,151,0.13561964146531566,0.14178403755868543
2020-04-08,1141,212,990,181,0.18580192813321647,0.18282828282828284
2020-04-09,572,109,495,91,0.19055944055944055,0.18383838383838383
2020-04-10,693,166,595,146,0.23953823953823955,0.2453781512605042
2020-04-11,236,77,222,71,0.326271186440678,0.31981981981981983
2020-04-12,169,75,135,60,0.4437869822485207,0.4444444444444444
2020-04-13,911,277,732,232,0.3040614709110867,0.31693989071038253
2020-04-14,878,244,724,195,0.27790432801822323,0.26933701657458564
2020-04-15,878,284,761,253,0.3234624145785877,0.3324572930354796
2020-04-16,1207,333,1050,269,0.275890637945319,0.2561904761904762
2020-04-17,1235,339,1062,288,0.2744939271255061,0.2711864406779661
2020-04-18,466,92,427,85,0.19742489270386265,0.1990632318501171
2020-04-19,251,133,225,114,0.5298804780876494,0.5066666666666667
2020-04-20,1110,425,932,359,0.38288288288288286,0.3851931330472103
2020-04-21,1524,462,1293,363,0.3031496062992126,0.28074245939675174
2020-04-22,1779,512,1545,434,0.28780213603147836,0.2809061488673139
2020-04-23,1374,480,1161,396,0.34934497816593885,0.34108527131782945
2020-04-24,1553,588,1320,485,0.3786220218931101,0.36742424242424243
2020-04-25,494,239,445,218,0.48380566801619435,0.4898876404494382
2020-04-26,410,170,346,146,0.4146341463414634,0.42196531791907516
2020-04-27,1632,649,1406,548,0.39767156862745096,0.38975817923186346
2020-04-28,1696,560,1398,462,0.330188679245283,0.33047210300429186
2020-04-29,1916,713,1600,602,0.3721294363256785,0.37625
2020-04-30,1890,592,1592,501,0.31322751322751324,0.3146984924623116
2020-05-01,741,240,602,190,0.32388663967611336,0.31561461794019935
2020-05-02,649,263,577,227,0.4052388289676425,0.3934142114384749
2020-05-03,556,222,500,197,0.39928057553956836,0.394
2020-05-04,2023,753,1657,622,0.3722194760257044,0.37537718768859385
2020-05-05,1599,586,1370,508,0.36647904940587867,0.3708029197080292
2020-05-06,2176,694,1784,592,0.31893382352941174,0.33183856502242154
2020-05-07,2237,705,1842,585,0.31515422440768887,0.31758957654723124
2020-05-08,2449,921,2000,751,0.37607186606778276,0.3755
2020-05-09,798,351,684,305,0.4398496240601504,0.44590643274853803
2020-05-10,469,210,416,176,0.44776119402985076,0.4230769230769231
2020-05-11,2221,892,1755,699,0.40162089149031965,0.39829059829059826
2020-05-12,2256,941,1898,826,0.4171099290780142,0.4351949420442571
2020-05-13,2419,1112,1959,905,0.4596940884663084,0.4619703930576825
2020-05-14,2240,971,1867,798,0.43348214285714287,0.4274236743438672
2020-05-15,2678,1181,2195,969,0.44100074682598955,0.44145785876993165
2020-05-16,958,439,796,371,0.4582463465553236,0.46608040201005024
2020-05-17,608,288,519,249,0.47368421052631576,0.4797687861271676
2020-05-18,2719,1182,2210,955,0.43471864656123577,0.4321266968325792
2020-05-19,2561,1207,2113,995,0.47130027333073016,0.4708944628490298
2020-05-20,2684,1239,2144,1014,0.46162444113263784,0.47294776119402987
2020-05-21,2771,1232,2278,996,0.4446048357993504,0.437225636523266
2020-05-22,2784,1226,2266,954,0.44037356321839083,0.4210061782877317
2020-05-23,919,391,804,335,0.42546245919477693,0.4166666666666667
2020-05-24,640,300,519,251,0.46875,0.4836223506743738
2020-05-25,2873,1293,2301,1029,0.4500522102332057,0.4471968709256845
2020-05-26,2900,1386,2297,1074,0.47793103448275864,0.4675663909447105
2020-05-27,3311,1454,2691,1180,0.43914225309574145,0.4384986993682646
2020-05-28,2357,1060,1954,898,0.44972422571064913,0.4595701125895599
2020-05-29,2539,1122,2162,958,0.4419062623079953,0.4431082331174838
2020-05-30,1155,547,991,472,0.47359307359307357,0.47628657921291623
2020-05-31,689,346,573,296,0.502177068214804,0.5165794066317626
2020-06-01,3047,1469,2521,1204,0.4821135543157204,0.47758825862752874
2020-06-02,3021,1420,2382,1083,0.47004303210857334,0.45465994962216627
2020-06-03,3240,1458,2583,1110,0.45,0.429732868757259
2020-06-04,2800,1164,2314,954,0.4157142857142857,0.41227312013828865
2020-06-05,2912,1233,2409,1009,0.42342032967032966,0.41884599418845997
2020-06-06,1036,482,878,400,0.46525096525096526,0.45558086560364464
2020-06-07,635,294,523,257,0.462992125984252,0.491395793499044
2020-06-08,3165,1495,2578,1200,0.47235387045813587,0.46547711404189296
2020-06-09,2977,1400,2403,1084,0.47027208599261,0.45110278818143984
2020-06-10,3072,1371,2503,1072,0.4462890625,0.4282860567319217
2020-06-11,3029,1273,2411,986,0.42027071640805547,0.408958938199917
2020-06-12,3095,1249,2532,1006,0.4035541195476575,0.39731437598736175
2020-06-13,1127,435,919,346,0.385980479148181,0.3764961915125136
2020-06-14,853,350,670,262,0.41031652989449,0.39104477611940297
2020-06-15,3107,1145,2515,882,0.3685226906984229,0.3506958250497018
2020-06-16,3184,1248,2627,1023,0.39195979899497485,0.3894175866006852
2020-06-17,3081,1198,2451,952,0.38883479389808506,0.3884128926968584
2020-06-18,2899,1070,2377,874,0.3690927906174543,0.36769036600757254
2020-06-19,2872,1110,2276,868,0.3864902506963788,0.38137082601054484
2020-06-20,978,364,802,300,0.3721881390593047,0.3740648379052369
2020-06-21,726,295,601,245,0.40633608815426997,0.40765391014975044
2020-06-22,2729,1103,2199,859,0.4041773543422499,0.39063210550250116
2020-06-23,2805,1074,2338,882,0.38288770053475935,0.3772455089820359
2020-06-24,2702,1073,2273,894,0.39711324944485565,0.39331280246370437
2020-06-25,2864,1085,2362,877,0.378840782122905,0.3712955122777307
2020-06-26,2923,1077,2417,879,0.3684570646595963,0.36367397600330986
2020-06-27,895,360,716,286,0.4022346368715084,0.3994413407821229
2020-06-28,705,241,534,198,0.34184397163120567,0.3707865168539326
2020-06-29,3730,1386,2990,1071,0.37158176943699733,0.35819397993311036
2020-06-30,3306,1285,2662,1011,0.38868723532970356,0.37978963185574754
2020-07-01,3236,1256,2657,998,0.38813349814585907,0.3756115920210764
2020-07-02,2862,1107,2369,905,0.3867924528301887,0.38201772899957787
2020-07-03,3362,1206,2830,984,0.3587150505651398,0.34770318021201413
2020-07-04,1025,354,886,304,0.34536585365853656,0.3431151241534989
2020-07-05,780,244,662,200,0.3128205128205128,0.3021148036253776
2020-07-06,3384,1225,2762,989,0.36199763593380613,0.3580738595220854
2020-07-07,3355,1290,2713,998,0.38450074515648286,0.3678584592701806
2020-07-08,3342,1234,2867,1053,0.3692399760622382,0.3672828740844088
2020-07-09,3007,1006,2426,739,0.3345527103425341,0.3046166529266282
2020-07-10,3100,990,2589,830,0.3193548387096774,0.32058709926612594
2020-07-11,1034,351,841,286,0.33945841392649906,0.3400713436385256
2020-07-12,748,265,629,227,0.35427807486631013,0.36089030206677264
2020-07-13,3503,1337,2923,1084,0.3816728518412789,0.3708518645227506
2020-07-14,3450,1266,2877,1039,0.36695652173913046,0.3611400764685436
2020-07-15,4411,1410,3827,1164,0.31965540693720246,0.30415469035798276
2020-07-16,4312,1377,3740,1127,0.31934137291280146,0.3013368983957219
2020-07-17,4340,1252,3846,1072,0.28847926267281104,0.2787311492459698
2020-07-18,1801,619,1619,554,0.34369794558578565,0.34218653489808526
2020-07-19,929,296,807,244,0.3186221743810549,0.3023543990086741
2020-07-20,4047,1391,3471,1148,0.34371139115394117,0.3307404206280611
2020-07-21,3755,1223,3195,1040,0.3256990679094541,0.325508607198748
2020-07-22,4179,1464,3678,1318,0.3503230437903805,0.3583469276780859
2020-07-23,3768,1265,3258,1106,0.3357218683651805,0.33947206875383673
2020-07-24,3749,1093,3256,951,0.29154441184315816,0.29207616707616707
2020-07-25,1352,433,1187,380,0.3202662721893491,0.3201347935973041
2020-07-26,912,301,784,250,0.3300438596491228,0.31887755102040816
2020-07-27,3560,1272,2964,1072,0.35730337078651686,0.3616734143049933
2020-07-28,3628,1126,3078,934,0.3103638368246968,0.30344379467186483
2020-07-29,3764,1131,3360,1003,0.3004782146652497,0.29851190476190476
2020-07-30,3894,1248,3392,1079,0.3204930662557781,0.31810141509433965
2020-07-31,3758,1184,3258,1006,0.3150612027674295,0.3087783916513198
2020-08-01,1487,444,1295,396,0.29858776059179554,0.30579150579150577
2020-08-02,820,272,684,227,0.33170731707317075,0.33187134502923976
2020-08-03,3077,1017,2642,861,0.330516737081573,0.325889477668433
2020-08-04,3832,1226,3295,1041,0.319937369519833,0.3159332321699545
2020-08-05,3691,1245,3207,1057,0.33730696288268763,0.32959151855316493
2020-08-06,3453,1019,2974,882,0.29510570518389806,0.2965702757229321
2020-08-07,3743,1096,3212,963,0.2928132514026182,0.299813200498132
2020-08-08,1385,396,1217,349,0.28592057761732853,0.2867707477403451
2020-08-09,722,207,588,176,0.2867036011080332,0.29931972789115646
2020-08-10,3499,1102,2931,916,0.3149471277507859,0.31252132378027975
2020-08-11,3925,1270,3467,1113,0.3235668789808917,0.3210268243438131
2020-08-12,3890,1165,3331,1005,0.2994858611825193,0.30171119783848693
2020-08-13,3859,1070,3346,951,0.27727390515677636,0.28421996413628214
2020-08-14,4124,1221,3510,1035,0.2960717749757517,0.2948717948717949
2020-08-15,1499,440,1310,386,0.2935290193462308,0.29465648854961835
2020-08-16,741,216,620,175,0.291497975708502,0.28225806451612906
2020-08-17,3584,1164,3075,987,0.3247767857142857,0.32097560975609757
2020-08-18,3910,1353,3453,1194,0.34603580562659847,0.34578627280625546
2020-08-19,4008,1262,3534,1119,0.3148702594810379,0.3166383701188455
2020-08-20,3229,957,2782,832,0.2963765871786931,0.29906542056074764
2020-08-21,4050,1228,3519,1053,0.30320987654320986,0.29923273657289
2020-08-22,1473,432,1276,385,0.29327902240325865,0.3017241379310345
2020-08-23,737,255,615,217,0.34599728629579374,0.35284552845528455
2020-08-24,3940,1370,3274,1132,0.3477157360406091,0.34575442883323154
2020-08-25,3644,1321,2981,1065,0.36251372118551045,0.3572626635357263
2020-08-26,5137,1631,4551,1444,0.3175004866653689,0.3172929026587563
2020-08-27,5143,1444,4530,1253,0.2807699786117052,0.27660044150110374
2020-08-28,5197,1384,4585,1212,0.26630748508755053,0.264340239912759
2020-08-29,2111,542,1826,483,0.2567503552818569,0.26451259583789705
2020-08-30,920,279,721,240,0.3032608695652174,0.332871012482663
2020-08-31,4157,1386,3475,1105,0.33341351936492664,0.31798561151079136
2020-09-01,5165,1774,4560,1530,0.34346563407550823,0.3355263157894737
2020-09-02,5373,1759,4705,1508,0.3273776288851666,0.32051009564293303
2020-09-03,5521,1545,4760,1324,0.2798406085854012,0.2781512605042017
2020-09-04,5319,1479,4697,1266,0.27805978567399886,0.269533744943581
2020-09-05,2000,549,1739,466,0.2745,0.2679700977573318
2020-09-06,1145,335,952,285,0.2925764192139738,0.29936974789915966
2020-09-07,4018,1251,3381,1038,0.3113489298158288,0.3070097604259095
2020-09-08,4997,1621,4384,1411,0.32439463678206926,0.3218521897810219
2020-09-09,5106,1450,4451,1272,0.2839796318057188,0.28577847674679846
2020-09-10,5514,1381,4804,1206,0.2504533913674284,0.25104079933388845
2020-09-11,4918,1274,4357,1135,0.2590483936559577,0.26050034427358276
2020-09-12,2125,674,1899,609,0.3171764705882353,0.320695102685624
2020-09-13,706,232,575,194,0.3286118980169972,0.3373913043478261
2020-09-14,4184,1254,3536,1041,0.2997131931166348,0.2944004524886878
2020-09-15,3169,941,2720,810,0.2969390975071,0.2977941176470588
2020-09-16,578,194,479,161,0.3356401384083045,0.33611691022964507
2020-09-17,4446,1496,3827,1279,0.33648223121907334,0.33420433760125423
2020-09-18,4536,1380,3970,1203,0.30423280423280424,0.3030226700251889
2020-09-19,1913,614,1672,552,0.32096184004181916,0.33014354066985646
2020-09-20,795,285,657,243,0.3584905660377358,0.3698630136986301
2020-09-21,3604,1197,3097,1017,0.3321309655937847,0.3283823054568938
2020-09-22,4575,1447,3996,1287,0.3162841530054645,0.32207207207207206
2020-09-23,4405,1420,3782,1216,0.322360953461975,0.32152300370174514
2020-09-24,4223,1264,3722,1111,0.2993132843949799,0.2984954325631381
2020-09-25,4381,1298,3758,1134,0.2962793882675188,0.30175625332623734
2020-09-26,2102,703,1847,618,0.33444338725023787,0.3345966432051976
2020-09-27,860,295,706,261,0.3430232558139535,0.3696883852691218
2020-09-28,4304,1408,3669,1195,0.3271375464684015,0.32570182611065684
2020-09-29,4446,1417,3868,1268,0.31871345029239767,0.327817993795243
2020-09-30,4367,1356,3782,1209,0.3105106480421342,0.319672131147541
2020-10-01,3990,1292,3497,1147,0.3238095238095238,0.3279954246496997
2020-10-02,4377,1161,3780,1012,0.26525017135023987,0.2677248677248677
2020-10-03,1781,561,1583,502,0.3149915777653004,0.31711939355653823
2020-10-04,749,282,637,243,0.376502002670227,0.3814756671899529
2020-10-05,3766,1299,3155,1096,0.34492830589484863,0.3473851030110935
2020-10-06,4477,1382,3942,1214,0.3086888541433996,0.30796549974632165
2020-10-07,4789,1371,4162,1203,0.2862810607642514,0.28904372897645364
2020-10-08,4492,1272,3944,1141,0.2831700801424755,0.2893002028397566
2020-10-09,4485,1297,3969,1170,0.28918617614269787,0.2947845804988662
2020-10-10,1601,484,1388,422,0.3023110555902561,0.30403458213256485
2020-10-11,861,286,737,261,0.3321718931475029,0.3541383989145183
2020-10-12,4504,1404,3839,1209,0.3117229129662522,0.3149257619171659
2020-10-13,5621,1745,4852,1471,0.3104429816758584,0.3031739488870569
2020-10-14,4991,1370,4369,1200,0.2744940893608495,0.2746623941405356
2020-10-15,4430,1410,3888,1261,0.3182844243792325,0.3243312757201646
2020-10-16,5512,1694,4883,1493,0.3073294629898404,0.3057546590210936
2020-10-17,2164,666,1922,592,0.3077634011090573,0.30801248699271594
2020-10-18,1121,373,974,309,0.3327386262265834,0.31724845995893225
2020-10-19,6629,2153,5963,1870,0.32478503545029414,0.31360053664262955
2020-10-20,7312,2234,6489,1973,0.30552516411378555,0.3040530127908769
2020-10-21,7120,1931,6277,1720,0.27120786516853934,0.27401624980086026
2020-10-22,7644,1941,6734,1713,0.25392464678178966,0.25438075438075436
2020-10-23,7308,1975,6506,1755,0.27025177887246854,0.2697509990777744
2020-10-24,2384,717,2102,623,0.30075503355704697,0.29638439581351095
2020-10-25,1556,491,1337,417,0.31555269922879176,0.3118922961854899
2020-10-26,7612,2249,6657,1944,0.29545454545454547,0.29202343397926994
2020-10-27,8187,2180,7270,1926,0.26627580310247956,0.26492434662998626
2020-10-28,8105,2147,7191,1937,0.264898210980876,0.2693644833820053
2020-10-29,7794,1869,6770,1601,0.23979984603541185,0.2364844903988183
2020-10-30,6759,1788,5816,1542,0.26453617399023527,0.26513067400275103
2020-10-31,2165,739,1920,651,0.34133949191685914,0.3390625
2020-11-01,994,389,825,320,0.39134808853118713,0.3878787878787879
2020-11-02,2018,706,1757,627,0.34985133795837464,0.35685828116107
2020-11-03,6964,2410,6064,2087,0.34606547960941986,0.3441622691292876
2020-11-04,6995,2222,6145,1980,0.3176554681915654,0.322213181448332
2020-11-05,6771,2084,6037,1889,0.3077831930290947,0.31290376014576776
2020-11-06,6469,1936,5736,1723,0.2992734580306075,0.30038354253835425
2020-11-07,2608,891,2288,787,0.3416411042944785,0.34396853146853146
2020-11-08,1034,441,821,348,0.42649903288201163,0.4238733252131547
2020-11-09,7302,2610,6383,2286,0.3574363188167625,0.3581388062039793
2020-11-10,7935,2708,6963,2333,0.3412728418399496,0.33505672842165735
2020-11-11,6887,2107,5979,1843,0.30593872513431103,0.3082455260076936
2020-11-12,6601,1858,5766,1630,0.2814725041660355,0.2826916406520985
2020-11-13,6600,1926,5837,1695,0.2918181818181818,0.2903888984067158
2020-11-14,2125,693,1847,586,0.3261176470588235,0.31727125067677314
2020-11-15,1020,366,888,325,0.3588235294117647,0.36599099099099097
2020-11-16,822,342,701,288,0.41605839416058393,0.4108416547788873
2020-11-17,6644,1999,5811,1726,0.30087296809151115,0.2970228876269145
2020-11-18,6571,2225,5712,1896,0.33860903971998174,0.3319327731092437
2020-11-19,6943,2180,6080,1928,0.3139853089442604,0.3171052631578947
2020-11-20,6384,1905,5545,1634,0.2984022556390977,0.2946798917944094
2020-11-21,3742,1215,3338,1072,0.32469267771245325,0.3211503894547633
2020-11-22,2486,1493,2077,1230,0.6005631536604988,0.5922002888781897
2020-11-23,8855,3406,7650,2841,0.3846414455110107,0.37137254901960787
2020-11-24,10244,3130,8865,2762,0.30554470909800857,0.3115623237450649
2020-11-25,10378,2596,8967,2260,0.2501445365195606,0.25203524032563845
2020-11-26,10570,2775,9111,2415,0.2625354777672658,0.2650642081000988
2020-11-27,10317,2758,8970,2400,0.267325772996026,0.26755852842809363
2020-11-28,4214,1050,3693,887,0.24916943521594684,0.24018413214189005
2020-11-29,2419,735,2064,631,0.30384456386936753,0.3057170542635659
2020-11-30,11574,3227,10008,2751,0.2788145844133402,0.2748800959232614
2020-12-01,12979,3424,11223,2973,0.2638107712458587,0.2649024325046779
2020-12-02,14524,3645,12493,3129,0.25096392178463234,0.25046025774433683
2020-12-03,14891,3749,12930,3256,0.25176280975085624,0.25181747873163185
2020-12-04,15624,3893,13372,3312,0.2491679467485919,0.24768172300329047
2020-12-05,5456,1472,4826,1289,0.2697947214076246,0.26709490261085783
2020-12-06,3403,938,2878,774,0.275639141933588,0.2689367616400278
2020-12-07,16414,4715,14054,4014,0.28725478250274156,0.28561263697168066
2020-12-08,18026,4857,15408,4092,0.2694441362476423,0.26557632398753894
2020-12-09,17078,4594,14614,3872,0.2690010539875864,0.2649514164499795
2020-12-10,17741,4549,15313,3896,0.2564117017079082,0.2544243453274995
2020-12-11,17024,4375,14615,3754,0.25699013157894735,0.2568593910366062
2020-12-12,5709,1737,4987,1512,0.3042564372044141,0.3031882895528374
2020-12-13,3334,1040,2739,854,0.3119376124775045,0.3117926250456371
2020-12-14,17390,5105,14539,4275,0.2935595169637723,0.2940367287984043
2020-12-15,17154,5025,14587,4254,0.2929345925148653,0.29162953314595186
2020-12-16,16645,4933,13924,4131,0.2963652748573145,0.29668198793450157
2020-12-17,16884,4654,14185,3885,0.2756455816157309,0.2738808600634473
2020-12-18,17508,4937,15001,4111,0.2819853781128627,0.2740483967735484
2020-12-19,6761,1761,5950,1516,0.26046442833900313,0.25478991596638656
2020-12-20,3947,1050,3227,858,0.2660248289840385,0.2658816237991943
2020-12-21,18338,5665,15719,4826,0.3089213654706075,0.3070169858133469
2020-12-22,17416,4913,15016,4167,0.28209692237023426,0.2775039957378796
2020-12-23,16729,4667,14527,3992,0.2789766274134736,0.2747986507881875
2020-12-24,12972,3456,11412,2990,0.2664199814986124,0.2620049071153172
2020-12-25,2561,840,2082,661,0.3279968762202265,0.3174831892411143
2020-12-26,5453,1594,4660,1378,0.2923161562442692,0.2957081545064378
2020-12-27,3732,1063,3171,893,0.28483386923901394,0.2816146326080101
2020-12-28,16169,4451,14058,3916,0.2752798565155545,0.27856025039123633
2020-12-29,17442,4693,15222,4054,0.2690631808278867,0.26632505584023125
2020-12-30,16470,4208,14453,3641,0.2554948391013965,0.251920016605549
2020-12-31,12834,3436,11433,2985,0.2677263518778245,0.26108632904749407
2021-01-01,2828,812,2474,704,0.2871287128712871,0.28455941794664513
2021-01-02,4696,1566,3986,1331,0.33347529812606475,0.33391871550426494
2021-01-03,4290,1328,3507,1091,0.3095571095571096,0.3110921015112632
2021-01-04,15803,4545,13771,3929,0.2876036195659052,0.2853097088083654
2021-01-05,18084,5128,15613,4488,0.2835655828356558,0.2874527637225389
2021-01-06,17741,4959,15458,4279,0.27952201116058845,0.27681459438478456
2021-01-07,20145,5334,17165,4615,0.26478034251675353,0.26886105447130787
2021-01-08,18516,4876,15651,4147,0.2633398142147332,0.2649670947543288
2021-01-09,7304,2215,6359,1930,0.30325848849945236,0.303506840698223
2021-01-10,5333,1415,4343,1208,0.2653290830676917,0.27814874510706883
2021-01-11,19948,5462,17094,4771,0.27381191096851815,0.2791037791037791
2021-01-12,22127,6229,18934,5357,0.2815112758168753,0.28293017851484104
2021-01-13,21975,5783,18786,4993,0.2631626848691695,0.2657830299158948
2021-01-14,27154,7704,23444,6849,0.2837151064299919,0.2921429790138202
2021-01-15,24781,7176,21539,6330,0.28957669182034623,0.29388551000510704
2021-01-16,10280,3029,9035,2726,0.2946498054474708,0.3017155506364139
2021-01-17,8336,2395,7114,2105,0.2873080614203455,0.29589541748664605
2021-01-18,24707,7318,21451,6319,0.2961913627716841,0.29457834133606825
2021-01-19,26869,7351,23114,6357,0.27358666120808367,0.2750281214848144
2021-01-20,26152,7380,22612,6433,0.2821963903334353,0.2844949584291527
2021-01-21,26525,6616,22672,5720,0.24942507068803016,0.25229357798165136
2021-01-22,25240,5827,21478,4969,0.2308637083993661,0.2313530123847658
2021-01-23,9134,2296,7735,1990,0.2513685132472082,0.2572721396250808
2021-01-24,7160,1683,6096,1502,0.2350558659217877,0.24639107611548555
2021-01-25,23894,5663,20474,4820,0.23700510588432241,0.23542053335938262
2021-01-26,23643,4921,20236,4301,0.2081377151799687,0.2125420043486855
2021-01-27,26716,5570,23074,4901,0.20848929480461148,0.2124035711190084
2021-01-28,24343,5011,20867,4360,0.2058497309288091,0.20894234916375137
2021-01-29,21827,4271,18893,3666,0.19567508132129932,0.1940401206796168
2021-01-30,8486,1409,7140,1201,0.166038180532642,0.16820728291316528
2021-01-31,6047,1007,5100,858,0.16652885728460393,0.16823529411764707
2021-02-01,5304,1055,4569,897,0.19890648567119154,0.1963230466185161
2021-02-02,20795,4234,18102,3678,0.20360663621062755,0.20318196884322173
2021-02-03,23112,4019,19977,3431,0.17389235029421946,0.17174750963608149
2021-02-04,19795,3393,16931,2953,0.17140692093963122,0.17441379717677633
2021-02-05,19479,3217,16977,2869,0.16515221520611942,0.16899334393591328
2021-02-06,6493,1072,5622,914,0.16510087786847374,0.16257559587335468
2021-02-07,4569,663,3960,565,0.14510833880499016,0.14267676767676768
2021-02-08,18852,3419,16292,2971,0.18136006789730533,0.18235944021605696
2021-02-09,20027,3405,17225,2896,0.17002047236231088,0.16812772133526852
2021-02-10,19548,3179,16651,2692,0.16262533251483527,0.16167197165335415
2021-02-11,17739,2681,15012,2260,0.15113591521506287,0.15054622968292034
2021-02-12,18157,2805,15589,2466,0.15448587321694113,0.15818846622618513
2021-02-13,5581,957,4889,823,0.17147464612076688,0.168337083248108
2021-02-14,3757,480,3344,427,0.12776151184455684,0.1276913875598086
2021-02-15,18223,2845,15654,2474,0.15612138506283268,0.15804267279928452
2021-02-16,17278,2642,15039,2313,0.1529112165759926,0.1538001196888091
2021-02-17,17289,2535,14803,2214,0.14662502169009198,0.14956427751131526
2021-02-18,16873,2278,14349,1980,0.13500859361109466,0.13798871001463517
2021-02-19,15777,2382,13737,2093,0.15097927362616467,0.1523622333842906
2021-02-20,5233,831,4461,704,0.1587999235620103,0.15781214974221028
2021-02-21,3578,488,3008,421,0.1363890441587479,0.13996010638297873
2021-02-22,17163,2759,14803,2387,0.1607527821476432,0.16125109775045599
2021-02-23,16765,2569,14405,2287,0.15323590814196242,0.15876431794515794
2021-02-24,16148,2357,13836,2094,0.14596234827842458,0.1513443191673894
2021-02-25,14800,2216,12582,1974,0.14972972972972973,0.1568907963757749
2021-02-26,15082,2073,12906,1816,0.13744861424214294,0.14070974740430808
2021-02-27,4927,780,4081,683,0.158311345646438,0.1673609409458466
2021-02-28,4097,510,3444,445,0.12448132780082988,0.1292102206736353
2021-03-01,16514,2672,13912,2315,0.16180210730289452,0.16640310523289248
2021-03-02,14876,2178,12694,1891,0.14641032535627857,0.14896801638569404
2021-03-03,15961,2335,13525,2047,0.14629409184888165,0.15134935304990757
2021-03-04,13388,2053,11428,1833,0.15334628025097102,0.1603955197759888
2021-03-05,11543,1795,9823,1596,0.15550550116953998,0.16247582205029013
2021-03-06,5648,719,4665,644,0.12730169971671387,0.13804930332261522
2021-03-07,4000,507,3283,424,0.12675,0.12915016752969843
2021-03-08,14765,2388,12818,2056,0.1617338300033864,0.16039943828990483
2021-03-09,13656,2021,12003,1779,0.14799355594610428,0.14821294676330918
2021-03-10,12277,1759,10424,1553,0.1432760446363118,0.14898311588641597
2021-03-11,12104,1687,10349,1493,0.13937541308658294,0.14426514639095564
2021-03-12,12154,1625,10396,1446,0.13370083922988316,0.139091958445556
2021-03-13,3900,576,3325,510,0.1476923076923077,0.15338345864661654
2021-03-14,2096,320,1790,277,0.15267175572519084,0.1547486033519553
2021-03-15,2634,352,2295,316,0.13363705391040243,0.13769063180827887
2021-03-16,13733,2016,11850,1771,0.14679967960387388,0.14945147679324894
2021-03-17,13040,1683,11248,1475,0.12906441717791411,0.1311344238975818
2021-03-18,12105,1479,10419,1319,0.12218091697645601,0.12659564257606296
2021-03-19,10905,1236,9318,1095,0.11334250343878954,0.11751448808757244
2021-03-20,3418,507,2897,408,0.1483323581041545,0.14083534691059718
2021-03-21,2393,319,2108,268,0.13330547430004178,0.127134724857685
2021-03-22,14108,1681,12094,1474,0.11915225404026085,0.12187861749627915
2021-03-23,11900,1535,10137,1381,0.12899159663865548,0.13623359968432475
2021-03-24,12311,1296,10389,1126,0.10527170822841361,0.1083838675522187
2021-03-25,10935,1152,9406,1031,0.10534979423868313,0.1096108866680842
2021-03-26,9145,1086,7745,978,0.11875341716785129,0.1262750161394448
2021-03-27,3802,438,3216,376,0.11520252498684903,0.11691542288557213
2021-03-28,2038,253,1736,226,0.12414131501472031,0.13018433179723501
2021-03-29,11244,1366,9701,1162,0.12148701529704732,0.11978146582826513
2021-03-30,11575,1238,9959,1086,0.10695464362850972,0.1090470930816347
2021-03-31,9630,1184,8343,1034,0.12294911734164071,0.12393623396859643
2021-04-01,8670,700,7405,604,0.08073817762399077,0.08156650911546252
2021-04-02,5832,558,4927,479,0.09567901234567901,0.09721940328800487
2021-04-03,1504,217,1335,190,0.14428191489361702,0.14232209737827714
2021-04-04,1537,240,1322,189,0.1561483409238777,0.14296520423600606
2021-04-05,10080,1198,8589,1039,0.11884920634920634,0.12096868087088136
2021-04-06,9678,1204,8307,1053,0.12440586898119446,0.1267605633802817
2021-04-07,10163,1159,8750,1031,0.11404112958772016,0.11782857142857144
2021-04-08,10934,1040,9308,916,0.09511615145417962,0.09840996991834981
2021-04-09,9912,1031,8381,901,0.10401533494753834,0.1075050709939148
2021-04-10,3660,458,3153,387,0.1251366120218579,0.12274024738344434
2021-04-11,2833,242,2356,191,0.08542181433109777,0.08106960950764007
2021-04-12,11467,1204,9535,1047,0.10499694776314641,0.10980597797587835
2021-04-13,12887,1179,10863,1010,0.09148754558857763,0.09297615759918991
2021-04-14,10019,832,8650,754,0.08304221978241341,0.08716763005780347
2021-04-15,10483,883,9010,788,0.08423161308785652,0.0874583795782464
2021-04-16,9446,883,8212,771,0.09347872115181029,0.09388699464198734
2021-04-17,3594,320,3168,276,0.08903728436282693,0.08712121212121213
2021-04-18,2295,187,1964,167,0.08148148148148149,0.08503054989816701
2021-04-19,11306,951,9812,842,0.08411462940031841,0.0858132898491643
2021-04-20,11865,1083,10330,940,0.09127686472819216,0.0909970958373669
2021-04-21,11084,772,9536,676,0.06964994586791771,0.07088926174496644
2021-04-22,10531,961,9233,857,0.09125439179565094,0.09281923535145672
2021-04-23,10111,691,8761,606,0.068341410345168635,0.06917018605182057
2021-04-24,3193,256,2765,206,0.08017538365173818,0.07450271247739602
2021-04-25,2674,163,2331,140,0.06095736724008975,0.06006006006006006
2021-04-26,9651,811,8287,706,0.08403274272096156,0.08519367684324847
2021-04-27,9171,701,7955,635,0.07643659361029331,0.0798240100565682
2021-04-28,9545,764,8185,663,0.08004190675746464,0.08100183262064753
2021-04-29,8175,653,7103,567,0.07987767584097859,0.07982542587639026
2021-04-30,7119,491,6123,446,0.06897036100575923,0.07284011105667157
2021-05-01,2140,170,1841,141,0.0794392523364486,0.07658881042911461
2021-05-02,1659,165,1441,145,0.09945750452079566,0.10062456627342123
2021-05-03,7352,649,6239,571,0.0882752992383025,0.09152107709568841
2021-05-04,7177,605,6133,492,0.08429706005294692,0.08022175118212946
2021-05-05,7094,599,6075,506,0.08443755286157316,0.08329218106995885
2021-05-06,6668,537,5746,467,0.08053389322135573,0.08127392969021928
2021-05-07,6313,444,5479,377,0.07033106288610803,0.06880817667457566
2021-05-08,2192,172,1938,147,0.07846715328467153,0.07585139318885449
2021-05-09,1437,69,1232,62,0.04801670146137787,0.05032467532467533
2021-05-10,6024,493,5121,418,0.08183930942895086,0.08162468267916423
2021-05-11,7052,561,6012,478,0.07955190017016449,0.0795076513639388
2021-05-12,7524,598,6560,466,0.07947900053163211,0.07103658536585365
2021-05-13,7119,533,6103,427,0.0748700660205085,0.06996559069310175
2021-05-14,6808,504,5761,424,0.07403055229142186,0.07359833362263496
2021-05-15,2417,121,2002,112,0.050062060405461316,0.055944055944055944
2021-05-16,1471,81,1215,70,0.055064581917063225,0.05761316872427984
2021-05-17,7252,584,6279,469,0.08052950910093767,0.07469342251950947
2021-05-18,3711,291,3173,242,0.07841552142279709,0.07626851560037819
2021-05-19,7182,456,6154,384,0.06349206349206349,0.062398440038999026
2021-05-20,5860,330,5015,264,0.05631399317406143,0.052642073778664006
2021-05-21,5940,297,5202,272,0.05,0.05228758169934641
2021-05-22,2440,141,2119,105,0.05778688524590164,0.049551675318546484
2021-05-23,1320,82,1091,68,0.06212121212121212,0.06232813932172319
2021-05-24,6613,418,5503,328,0.06320883109027672,0.05960385244412139
2021-05-25,6930,466,5921,392,0.06724386724386724,0.06620503293362608
2021-05-26,6991,465,6069,390,0.06651408954369904,0.06426099851705389
2021-05-27,6415,415,5600,344,0.0646921278254092,0.06142857142857143
2021-05-28,6115,336,5342,310,0.054946852003270645,0.058030700112317486
2021-05-29,1821,116,1607,100,0.06370126304228446,0.06222775357809583
2021-05-30,1474,82,1236,66,0.05563093622795115,0.05339805825242718
2021-05-31,6440,488,5592,441,0.07577639751552795,0.078862660944206
2021-06-01,7306,476,6295,420,0.0651519299206132,0.06671961874503574
2021-06-02,6355,545,5506,474,0.08575924468922108,0.08608790410461314
2021-06-03,5707,376,5056,350,0.06588400210268092,0.06922468354430379
2021-06-04,5945,416,4996,347,0.06997476871320438,0.06945556445156124
2021-06-05,1616,166,1443,147,0.10272277227722772,0.10187110187110188
2021-06-06,1026,107,837,87,0.10428849902534112,0.1039426523297491
2021-06-07,6173,603,5371,536,0.09768346023003402,0.0997951964252467
2021-06-08,7260,677,6393,611,0.09325068870523416,0.09557328327858595
2021-06-09,6960,655,6075,601,0.09410919540229885,0.09893004115226338
2021-06-10,5791,490,5113,430,0.0846140562942497,0.08409935458634853
2021-06-11,5981,454,5150,411,0.0759070389566962,0.07980582524271845
2021-06-12,2179,249,1902,217,0.11427260211106012,0.11409043112513144
2021-06-13,1373,150,1135,127,0.10924981791697014,0.11189427312775331
2021-06-14,6452,728,5636,660,0.11283323000619963,0.11710432931156849
2021-06-15,6181,694,5327,611,0.11227956641320175,0.11469870471184532
2021-06-16,6725,735,5923,667,0.10929368029739776,0.11261185210197536
2021-06-17,6987,738,6134,662,0.1056247316444826,0.10792305184219107
2021-06-18,6420,650,5684,591,0.10124610591900311,0.10397607318789585
2021-06-19,2169,339,1915,308,0.15629322268326418,0.1608355091383812
2021-06-20,2052,208,1832,189,0.10136452241715399,0.10316593886462883
2021-06-21,6679,955,6038,884,0.1429854768677946,0.14640609473335542
2021-06-22,8153,1088,7129,1001,0.13344781062185698,0.14041240005610886
2021-06-23,8114,1141,7119,1043,0.1406211486319941,0.14650934119960668
2021-06-24,8690,1274,7521,1162,0.14660529344073647,0.15450073128573327
2021-06-25,7775,1120,6920,1037,0.1440514469453376,0.14985549132947976
2021-06-26,2980,497,2634,452,0.16677852348993288,0.1716021260440395
2021-06-27,2281,382,2035,336,0.16747040771591407,0.1651105651105651
2021-06-28,9027,1465,7911,1308,0.16229090506259,0.1653394008342814
2021-06-29,9087,1538,7991,1411,0.1692527786948388,0.1765736453510199
2021-06-30,8385,1335,7307,1222,0.1592128801431127,0.16723689612700152
2021-07-01,8096,1505,7210,1377,0.18589426877470355,0.19098474341192787
2021-07-02,8459,1621,7578,1505,0.19163021633762856,0.19860121404064396
2021-07-03,3170,707,2813,615,0.22302839116719242,0.2186277995023107
2021-07-04,2452,441,2208,397,0.17985318107667211,0.17980072463768115
2021-07-05,10545,2216,9578,2053,0.21014698909435753,0.21434537481728963
2021-07-06,11639,2458,10192,2243,0.21118652805223817,0.220074568288854
2021-07-07,11558,2688,10378,2488,0.23256618792178577,0.23973790711119677
2021-07-08,12965,2693,11560,2449,0.20771307365985345,0.21185121107266436
2021-07-09,12653,2710,11457,2490,0.214178455702205,0.21733438072793926
2021-07-10,3914,837,3450,783,0.213847726111395,0.22695652173913045
2021-07-11,3599,853,3196,761,0.23701028063350932,0.2381101376720901
2021-07-12,14571,3384,13044,3069,0.23224212476837555,0.23528058877644895
2021-07-13,16505,3520,14866,3247,0.21326870645259013,0.21841786627203014
2021-07-14,15795,3577,14112,3235,0.22646407090851536,0.2292375283446712
2021-07-15,16391,3452,14542,3139,0.21060337990360564,0.21585751616008803
2021-07-16,14737,3146,13200,2825,0.21347628418266948,0.21401515151515152
2021-07-17,5587,1127,4973,1026,0.20171827456595667,0.20631409611904283
2021-07-18,4874,1044,4149,929,0.2141977841608535,0.22390937575319353
2021-07-19,17559,4330,15580,3855,0.24659718662794008,0.24743260590500643
2021-07-20,18093,4333,16076,3909,0.2394848836566628,0.24315750186613586
2021-07-21,18963,4531,16874,4109,0.23893898644729208,0.24351072656157402
2021-07-22,19102,4342,16660,3796,0.2273060412522249,0.22785114045618246
2021-07-23,17474,3951,15394,3495,0.2261073595055511,0.22703650773028453
2021-07-24,6539,1701,5703,1466,0.26013151858082273,0.2570576889356479
2021-07-25,5998,1306,5198,1107,0.21773924641547182,0.21296652558676413
2021-07-26,17755,4566,15598,3941,0.25716699521261616,0.2526605975125016
2021-07-27,19224,4769,16826,4205,0.24807532251352477,0.24991085225246643
2021-07-28,19502,4544,17146,4008,0.23300174341093222,0.23375714452350402
2021-07-29,19718,4773,17366,4204,0.24206308956283598,0.2420822296441322
2021-07-30,18542,4886,16515,4326,0.2635098694854924,0.26194368755676656
2021-07-31,5192,1458,4667,1273,0.2808166409861325,0.27276623098350117
2021-08-01,5373,1062,4474,907,0.19765494137353434,0.20272686633884668
2021-08-02,17977,4440,15841,3861,0.24698225510374366,0.24373461271384383
2021-08-03,19858,5119,17607,4538,0.25778023970188335,0.2577383995001988
2021-08-04,19100,4961,16843,4321,0.25973821989528795,0.2565457460072434
2021-08-05,19539,4816,17202,4210,0.246481396181995,0.2447389838390885
2021-08-06,17638,4355,15615,3773,0.2469100805079941,0.24162664105027218
2021-08-07,6509,1822,5740,1605,0.2799201106160701,0.27961672473867594
2021-08-08,5191,1229,4602,1087,0.2367559237141206,0.23620165145588876
2021-08-09,17285,4373,15122,3778,0.2529939253688169,0.24983467795265177
2021-08-10,20465,4840,18085,4253,0.23650134375763499,0.23516726568979818
2021-08-11,21599,5377,19095,4764,0.2489467104958563,0.24948939512961507
2021-08-12,21786,4559,19233,4045,0.20926282933994308,0.21031560339000677
2021-08-13,19889,4205,17570,3707,0.21142339986927447,0.2109846328969835
2021-08-14,6846,1755,6053,1573,0.2563540753724803,0.2598711382785396
2021-08-15,5425,936,4703,787,0.17253456221198157,0.16733999574739528
2021-08-16,17004,3347,14894,2914,0.19683603857915785,0.1956492547334497
2021-08-17,19253,4445,16819,3895,0.23087311068404923,0.23158332837861942
2021-08-18,22669,4691,19969,4199,0.20693458026379638,0.21027592768791628
2021-08-19,20886,3831,18365,3390,0.18342430336110313,0.18459025319901987
2021-08-20,19632,3799,17457,3369,0.19351059494702527,0.19298848599415708
2021-08-21,6586,1384,5688,1211,0.2101427269966596,0.2129043600562588
2021-08-22,5930,1020,5188,915,0.17200674536256325,0.1763685427910563
2021-08-23,17635,3479,15330,3007,0.19727814006237596,0.19615133724722766
2021-08-24,18834,3785,16412,3270,0.20096633747477965,0.19924445527662685
2021-08-25,18227,3415,15844,2958,0.1873594118615241,0.18669527896995708
2021-08-26,17976,3052,15686,2702,0.16978193146417445,0.17225551447150325
2021-08-27,16203,2754,14080,2403,0.16996852434734308,0.17066761363636362
2021-08-28,4696,1002,4099,873,0.21337308347529813,0.21297877531105147
2021-08-29,4043,634,3523,548,0.1568142468464012,0.15554924780017032
2021-08-30,14125,2553,12346,2184,0.1807433628318584,0.17689940061558398
2021-08-31,14866,2704,13023,2383,0.18189156464415446,0.1829839514704753
2021-09-01,15278,2617,13328,2328,0.17129205393376096,0.17466986794717887
2021-09-02,14569,2433,12719,2169,0.1669984213055117,0.170532274549886
2021-09-03,15138,2437,13129,2154,0.16098559915444577,0.16406428517023383
2021-09-04,5319,970,4429,824,0.18236510622297425,0.18604651162790697
2021-09-05,4270,694,3650,602,0.16252927400468384,0.16493150684931507
2021-09-06,14209,2595,12472,2307,0.18263072700401153,0.18497434252726105
2021-09-07,13968,2515,12103,2221,0.18005441008018327,0.18350822110220608
2021-09-08,11946,2097,10382,1848,0.1755399296835761,0.17800038528221923
2021-09-09,12294,2038,10859,1823,0.16577192126240442,0.16787917856156184
2021-09-10,11974,1825,10350,1617,0.152413562719225,0.156231884057971
2021-09-11,3892,658,3390,590,0.16906474820143885,0.17404129793510326
2021-09-12,3138,533,2705,457,0.1698534098151689,0.1689463955637708
2021-09-13,12818,2329,11291,2103,0.1816976127320955,0.1862545390133735
2021-09-14,11767,1943,10263,1671,0.1651228010537945,0.1628178895059924
2021-09-15,7936,1146,6959,1002,0.14440524193548387,0.1439862049144992
2021-09-16,1718,290,1440,245,0.16880093131548313,0.1701388888888889
2021-09-17,11943,1888,10542,1686,0.1580842334421837,0.15993170176437108
2021-09-18,3713,589,3287,505,0.15863183409641798,0.15363553392150897
2021-09-19,3299,364,2826,325,0.11033646559563504,0.11500353857041755
2021-09-20,12484,2018,10946,1783,0.16164690804229415,0.16289055362689567
2021-09-21,11141,1733,9701,1543,0.1555515662866888,0.15905576744665498
2021-09-22,12078,1866,10629,1629,0.15449577744659712,0.15325994919559696
2021-09-23,11109,1427,9638,1258,0.12845440633720406,0.1305250051877983
2021-09-24,11328,1395,9903,1265,0.12314618644067797,0.12773906896899928
2021-09-25,4694,511,4007,439,0.10886237750319556,0.10955827302221113
2021-09-26,3601,358,2991,288,0.09941682865870592,0.09628886659979939
2021-09-27,12182,1713,10408,1444,0.14061730421934002,0.13873943120676402
2021-09-28,10512,1373,9054,1137,0.13061263318112634,0.12557985420808482
2021-09-29,10469,1244,9103,1081,0.11882701308625465,0.11875205976051852
2021-09-30,7942,956,6913,819,0.12037270209015362,0.11847244322291335
2021-10-01,8327,953,7182,817,0.11444697970457547,0.11375661375661375
2021-10-02,3429,365,2928,284,0.10644502770487023,0.09699453551912568
2021-10-03,2959,383,2401,264,0.12943562014193985,0.10995418575593503
2021-10-04,9966,1128,8561,928,0.11318482841661649,0.10839855157107814
2021-10-05,9739,1044,8404,893,0.10719786425711059,0.10625892432175155
2021-10-06,9372,1068,8120,878,0.11395646606914213,0.108128078817734
2021-10-07,9310,864,8229,734,0.09280343716433942,0.08919674322517925
2021-10-08,9720,865,8448,779,0.0889917695473251,0.09221117424242424
2021-10-09,3039,260,2622,225,0.0855544587035209,0.08581235697940504
2021-10-10,3241,221,2677,199,0.06818883060783709,0.07433694434067986
2021-10-11,10825,1137,9474,982,0.10503464203233256,0.10365210048553937
2021-10-12,10253,815,8820,721,0.07948893006924802,0.08174603174603175
2021-10-13,10880,668,9204,580,0.06139705882352941,0.06301607996523251
2021-10-14,9901,751,8400,653,0.07585092414907585,0.07773809523809525
2021-10-15,10782,605,9229,543,0.05611203858282322,0.058836276953082675
2021-10-16,3584,195,2992,161,0.054408482142857144,0.05381016042780749
2021-10-17,2476,169,2118,139,0.06825525040387723,0.06562795089707271
2021-10-18,9759,634,8448,555,0.06496567271236807,0.06569602272727272
2021-10-19,8522,553,7391,501,0.06489087068763201,0.06778514409416858
2021-10-20,9077,567,7936,498,0.062465572325658254,0.06275201612903226
2021-10-21,8313,528,7265,470,0.06351497654276435,0.06469373709566414
2021-10-22,8783,428,7844,387,0.0487305021063418,0.04933707292197858
2021-10-23,4422,151,3898,128,0.034147444595205786,0.032837352488455616
2021-10-24,2705,105,2218,92,0.038817005545286505,0.04147880973850315
2021-10-25,10058,553,8862,494,0.05498110956452575,0.05574362446400361
2021-10-26,7712,452,6675,393,0.058609958506224066,0.05887640449438202
2021-10-27,7839,460,6762,398,0.05868095420334226,0.05885832593907128
2021-10-28,7146,383,6184,339,0.053596417576266445,0.05481888745148771
2021-10-29,6451,363,5602,322,0.05627034568283987,0.057479471617279544
2021-10-30,2821,112,2398,92,0.03970223325062035,0.03836530442035029
2021-10-31,1867,85,1538,74,0.04552758435993572,0.04811443433029909
2021-11-01,6120,349,5298,316,0.05702614379084967,0.05964514911287278
2021-11-02,3583,198,3010,170,0.055260954507396036,0.05647840531561462
2021-11-03,8439,340,7169,299,0.04028913378362365,0.04170735109499233
2021-11-04,7821,342,6724,294,0.04372842347525892,0.0437239738251041
2021-11-05,7805,458,6858,417,0.058680333119795,0.06080489938757655
2021-11-06,2320,127,2010,106,0.054741379310344826,0.0527363184079602
2021-11-07,1970,90,1700,82,0.04568527918781726,0.04823529411764706
2021-11-08,8725,387,7715,357,0.04435530085959885,0.04627349319507453
2021-11-09,8664,297,7740,275,0.0342797783933518,0.0355297157622739
2021-11-10,7338,364,6445,334,0.04960479694739711,0.05182311869666408
2021-11-11,6913,344,6054,305,0.04976131925358021,0.05037991410637595
2021-11-12,8781,331,8016,306,0.03769502334586038,0.03817365269461078
2021-11-13,1985,77,1792,70,0.038790931989924435,0.0390625
2021-11-14,1312,68,1128,60,0.051829268292682924,0.05319148936170213
2021-11-15,1608,79,1392,66,0.049129353233830844,0.047413793103448273
2021-11-16,6953,416,6098,394,0.0598302890838487,0.06461134798294522
2021-11-17,6796,398,6018,364,0.058563861094761624,0.060485211033565967
2021-11-18,6698,355,5864,323,0.053000895789788,0.0550818553888131
2021-11-19,6312,280,5541,258,0.044359949302915085,0.046561992420140766
2021-11-20,1495,81,1317,75,0.05418060200668896,0.05694760820045558
2021-11-21,1745,82,1482,60,0.04699140401146132,0.04048582995951417
2021-11-22,7005,337,6111,304,0.04810849393290507,0.04974635902470954
2021-11-23,9139,330,8321,289,0.03610898347740453,0.03473140247566398
2021-11-24,8957,337,8124,299,0.037624204532767665,0.03680452978828164
2021-11-25,8264,312,7519,286,0.0377541142303969,0.03803697300172895
2021-11-26,6610,303,5738,265,0.045839636913767016,0.046183339142558386
2021-11-27,2244,98,2020,92,0.04367201426024955,0.04554455445544554
2021-11-28,1705,63,1468,56,0.03695014662756598,0.03814713896457766
2021-11-29,6052,299,5270,269,0.049405155320555186,0.05104364326375711
2021-11-30,5611,248,4950,221,0.04419889502762431,0.04464646464646465
2021-12-01,5662,301,5014,276,0.05316142705757683,0.05504587155963303
2021-12-02,8299,278,7514,244,0.03349801180865165,0.03247271759382486
2021-12-03,5359,264,4805,254,0.04926292218697518,0.05286160249739855
2021-12-04,1828,75,1557,62,0.041028446389496716,0.03982016698779704
2021-12-05,1676,94,1456,87,0.05608591885441527,0.059752747252747256
2021-12-06,5675,323,4958,294,0.05691629955947137,0.05929810407422348
2021-12-07,6311,243,5549,227,0.038504199017588336,0.0409082717606776
2021-12-08,8242,244,7613,225,0.02960446493569522,0.029554709050308683
2021-12-09,8095,292,7543,266,0.036071649166151944,0.03526448362720403
2021-12-10,6268,218,5561,190,0.03477983407785577,0.03416651681352275
2021-12-11,1810,74,1628,70,0.04088397790055249,0.042997542997543
2021-12-12,1446,85,1289,82,0.058782849239280774,0.06361520558572537
2021-12-13,5181,284,4504,262,0.05481567265006755,0.058170515097690945
2021-12-14,5757,329,5041,302,0.05714782004516241,0.059908748264233286
2021-12-15,5705,292,5046,259,0.051183172655565295,0.051327784383670236
2021-12-16,5491,268,4883,250,0.04880713895465307,0.05119803399549457
2021-12-17,5589,276,4952,257,0.04938271604938271,0.05189822294022617
2021-12-18,1305,97,1191,88,0.0743295019157088,0.07388748950461797
2021-12-19,1200,66,1065,62,0.055,0.05821596244131456
2021-12-20,5827,447,5219,409,0.07671185858932555,0.07836750335313278
2021-12-21,6198,569,5499,507,0.09180380767989674,0.09219858156028368
2021-12-22,7052,646,6243,591,0.09160521837776517,0.09466602594906295
2021-12-23,7480,838,6730,792,0.11203208556149732,0.11768202080237741
2021-12-24,5168,602,4655,545,0.11648606811145511,0.11707841031149302
2021-12-25,728,91,622,82,0.125,0.13183279742765272
2021-12-26,1703,253,1524,238,0.14856136230182032,0.15616797900262466
2021-12-27,7994,1398,7305,1302,0.174881160870653,0.1782340862422998
2021-12-28,9272,1826,8415,1706,0.19693701466781707,0.20273321449792037
2021-12-29,11123,2403,10043,2212,0.21603883844286614,0.22025291247635168
2021-12-30,11424,2918,10487,2721,0.2554271708683473,0.2594640984075522
2021-12-31,7992,2402,7260,2207,0.3005505505505506,0.3039944903581267
2022-01-01,1303,384,1195,372,0.29470452801227937,0.3112970711297071
2022-01-02,1959,557,1775,506,0.2843287391526289,0.28507042253521125
2022-01-03,13354,4468,12110,4103,0.3345813988318107,0.33881090008257636
2022-01-04,16275,5632,14719,5167,0.3460522273425499,0.3510428697601739
2022-01-05,18339,6868,16670,6411,0.37450242652271115,0.3845830833833233
2022-01-06,20015,7611,18313,7040,0.3802648013989508,0.38442636378528916
2022-01-07,21451,8145,19511,7546,0.3797025779683931,0.38675618881656504
2022-01-08,6161,2174,5583,1959,0.3528647946761889,0.35088662009672217
2022-01-09,6575,2206,5969,2071,0.3355133079847909,0.3469592896632602
2022-01-10,22526,8912,20116,8109,0.3956317144632869,0.40311195068602107
2022-01-11,24939,10642,22213,9640,0.4267211997273347,0.433980101742223
2022-01-12,23679,9891,20984,8839,0.4177118966172558,0.42122569576820434
2022-01-13,22603,10494,20148,9431,0.46427465380701677,0.4680861623982529
2022-01-14,22168,10043,19620,8986,0.4530404186214363,0.45800203873598366
2022-01-15,8236,3401,7385,3066,0.4129431762991744,0.4151658767772512
2022-01-16,8222,3751,7165,3202,0.4562150328387254,0.4468946266573622
2022-01-17,25735,10992,22565,9713,0.4271225956868078,0.4304453800132949
2022-01-18,27662,11717,24398,10330,0.4235774708987058,0.4233953602754324
2022-01-19,26866,11841,23826,10463,0.44074294647509865,0.4391421136573491
2022-01-20,252,101,235,93,0.4007936507936508,0.39574468085106385
